Fecha,Estacion,Temperatura_Max,Temperatura_Min,Precipitacion_mm,Humedad_Relativa
2023-01-01,Estacion_A_Aeroparque,23.973713224089863,13.849755631410027,0.0,57.92603548243223
2023-01-02,Estacion_A_Aeroparque,16.575631486590126,9.011098583534285,0.0,48.863897443212416
2023-01-03,Estacion_A_Aeroparque,26.580359296825513,19.398381764199637,0.0,41.68734525043467
2023-01-04,Estacion_A_Aeroparque,24.656982357704315,14.553932181417405,0.1538585310275927,73.31622689390036
2023-01-05,Estacion_A_Aeroparque,,-6.135894719926621,0.0,72.32853756562835
2023-01-06,Estacion_A_Aeroparque,20.776620394784324,10.124539308635885,0.7654614328366369,74.52967485799334
2023-01-07,Estacion_A_Aeroparque,4.649830277607668,-2.344053183034605,0.0,59.602291868261744
2023-01-08,Estacion_A_Aeroparque,12.075709398954494,67.90283408071147,0.0,51.50553405595842
2023-01-09,Estacion_A_Aeroparque,7.14013412351018,1.4884147488688848,4.6135488552968535,62.769507877984566
2023-01-10,Estacion_A_Aeroparque,25.876008519040365,19.215264906562766,0.0,45.682541070578694
2023-01-11,Estacion_A_Aeroparque,12.295874991470988,7.125663226450811,0.0,74.6577000121961
2023-01-12,Estacion_A_Aeroparque,25.04059950880806,19.36036405241268,0.0,86.44406208454842
2023-01-13,Estacion_A_Aeroparque,,5.121603447833797,0.0,37.48847410189239
2023-01-14,Estacion_A_Aeroparque,37.1515527146026,27.06891337854397,1.4525822384607125,69.50878533477017
2023-01-15,Estacion_A_Aeroparque,36.977249576101066,29.040049139106536,0.0,-999.0
2023-01-16,Estacion_A_Aeroparque,23.2398040701642,170.99263080594193,0.0,73.64607262439725
2023-01-17,Estacion_A_Aeroparque,22.24793494188026,167.4961440265866,0.0,50.659507202691096
2023-01-18,Estacion_A_Aeroparque,24.3767790493603,13.36788978645922,0.0,56.96711021349159
2023-01-19,Estacion_A_Aeroparque,29.639383374228593,19.372761668164834,3.1176620636974834,42.05009296179717
2023-01-20,Estacion_A_Aeroparque,8.415325268021407,-2.274271702781112,8.537547879203968,38.888043384351676
2023-01-21,Estacion_A_Aeroparque,17.254390106950655,5.511832330866376,0.0,66.86514681643258
2023-01-22,Estacion_A_Aeroparque,37.51842346574138,30.57675518487345,0.0,47.87552571967273
2023-01-23,Estacion_A_Aeroparque,6.29492376727298,-5.494477017429242,3.6443800929397145,80.3080856124812
2023-01-24,Estacion_A_Aeroparque,21.9386694886649,11.532440746515425,0.0,90.71098381695357
2023-01-25,Estacion_A_Aeroparque,17.844745324443537,9.246818900324861,1.0101602625983594,70.76313383693943
2023-01-26,Estacion_A_Aeroparque,16.426532234474664,11.140451920609312,0.0,52.864929780470966
2023-01-27,Estacion_A_Aeroparque,14.108702621938829,7.643257358581856,0.0,68.6925660232478
2023-01-28,Estacion_A_Aeroparque,14.827416926059787,8.989082003325027,1.8007976277591196,43.77677994578407
2023-01-29,Estacion_A_Aeroparque,14.794859447025384,8.488890278666243,0.0,52.69311924352956
2023-01-30,Estacion_A_Aeroparque,27.464097123106797,21.154790883204132,0.0,48.57397626408271
2023-01-31,Estacion_A_Aeroparque,26.685536896521135,16.36394187729333,0.0,43.05439718013573
2023-02-01,Estacion_A_Aeroparque,2.335147586608983,-8.805256199082775,0.0,65.41167637010142
2023-02-02,Estacion_A_Aeroparque,22.707971259955315,13.36746196845572,0.0,53.77068129148798
2023-02-03,Estacion_A_Aeroparque,26.055908933162815,16.015653177340294,0.0,46.167520137335615
2023-02-04,Estacion_A_Aeroparque,34.25730894828863,22.799813280047562,0.3310210182482434,68.85411928592683
2023-02-05,Estacion_A_Aeroparque,26.817971912242143,15.37898259735282,0.0,25.188939390328045
2023-02-06,Estacion_A_Aeroparque,17.848890475561355,12.251442799010848,1.3950937313164522,43.40211136887494
2023-02-07,Estacion_A_Aeroparque,,-0.7680903604156804,0.0,48.33274968613687
2023-02-08,Estacion_A_Aeroparque,21.87721604124069,14.096931333911506,0.0,63.7913326130683
2023-02-09,Estacion_A_Aeroparque,,17.175594729750678,0.0,59.5356262404514
2023-02-10,Estacion_A_Aeroparque,32.96426756132702,23.30901083950323,0.0,83.55741952891708
2023-02-11,Estacion_A_Aeroparque,20.76256645558175,14.257983805446454,0.0,62.685551948234476
2023-02-12,Estacion_A_Aeroparque,14.182902593401051,2.761707565165352,0.0,56.287220466727426
2023-02-13,Estacion_A_Aeroparque,26.547877877108316,21.310256027007725,0.0,62.00771481369
2023-02-14,Estacion_A_Aeroparque,23.30056317315298,12.765501019280237,0.0,31.05473105528764
2023-02-15,Estacion_A_Aeroparque,16.63850546323314,9.156150359747706,0.0,55.773230867092394
2023-02-16,Estacion_A_Aeroparque,29.33682331506909,20.748003737953532,0.0,84.31662836681573
2023-02-17,Estacion_A_Aeroparque,38.85901092026167,29.79840746539699,0.0,74.06757452349966
2023-02-18,Estacion_A_Aeroparque,19.868616831417985,11.504510790131448,0.0,77.82589910172126
2023-02-19,Estacion_A_Aeroparque,18.663055357465165,11.317223377651171,0.35051686945912636,62.20070529649984
2023-02-20,Estacion_A_Aeroparque,21.404366639124063,15.92950722538786,0.0,66.1276852256614
2023-02-21,Estacion_A_Aeroparque,10.161044974073484,-0.40262186717602155,0.0,57.33389517768891
2023-02-22,Estacion_A_Aeroparque,20.593649710401245,13.013965304334917,1.2819062294056274,56.55896095904472
2023-02-23,Estacion_A_Aeroparque,19.678736394845252,14.229273835319313,0.0,38.53837346822928
2023-02-24,Estacion_A_Aeroparque,,29.298955460874918,0.0,59.660953658327706
2023-02-25,Estacion_A_Aeroparque,20.477042959361395,10.51361932320498,2.5041349457440525,50.295948334416394
2023-02-26,Estacion_A_Aeroparque,20.304027825345603,13.907230668841587,0.0,61.80046990077392
2023-02-27,Estacion_A_Aeroparque,25.218583027307357,13.83203960799052,0.0,36.35411764523626
2023-02-28,Estacion_A_Aeroparque,17.100472468774942,5.31458621242793,0.0,43.20495158060784
2023-03-01,Estacion_A_Aeroparque,17.42691959026094,6.51772644747656,1.7606620272718432,91.15121975341262
2023-03-02,Estacion_A_Aeroparque,21.114740748970114,10.039312687329959,0.0,66.78802337732002
2023-03-03,Estacion_A_Aeroparque,,28.14498979055517,0.0,59.13571804449622
2023-03-04,Estacion_A_Aeroparque,29.515763911397123,18.860842317808313,3.197130952895551,41.58588277294511
2023-03-05,Estacion_A_Aeroparque,14.49479723857821,68.36296777323601,1.4641161096031872,93.78653708016463
2023-03-06,Estacion_A_Aeroparque,6.456345486436916,-0.5377648272965434,0.0,58.52490559807875
2023-03-07,Estacion_A_Aeroparque,31.179317624482977,22.327731829389144,0.0,58.87283749784975
2023-03-08,Estacion_A_Aeroparque,21.915819693647173,13.753445942486568,0.0,48.26973544638589
2023-03-09,Estacion_A_Aeroparque,27.811071627696823,15.872279671781504,0.0,76.56073704725031
2023-03-10,Estacion_A_Aeroparque,4.050114859428357,-3.2808985319790285,0.0,65.61084854771359
2023-03-11,Estacion_A_Aeroparque,15.728727189465602,9.66181509615268,5.234618194317145,38.89283960677625
2023-03-12,Estacion_A_Aeroparque,23.108628836247714,11.672885023746794,0.0,97.39499276149186
2023-03-13,Estacion_A_Aeroparque,19.79978433003885,10.556013765782009,0.38435261690915856,72.26649448800431
2023-03-14,Estacion_A_Aeroparque,32.24600665874958,26.18183268684904,0.0,78.28142777545975
2023-03-15,Estacion_A_Aeroparque,11.648217280013935,0.4419877733306663,0.0,56.86559269001954
2023-03-16,Estacion_A_Aeroparque,19.877521206616034,14.10936781587351,0.0,68.68937249401633
2023-03-17,Estacion_A_Aeroparque,19.29325872792724,9.832848390269275,0.0,73.82024404479745
2023-03-18,Estacion_A_Aeroparque,12.15266045631762,1.7300857380493468,0.0,40.081228924690905
2023-03-19,Estacion_A_Aeroparque,23.64710217665286,18.35344361263141,3.20605889768872,92.47503517351626
2023-03-20,Estacion_A_Aeroparque,18.229971011313825,7.02149670984894,0.0,55.84780050166619
2023-03-21,Estacion_A_Aeroparque,15.771066546001945,7.230097695339142,2.639527237294353,68.7954602813264
2023-03-22,Estacion_A_Aeroparque,,5.396325114857042,0.0,43.346649202356005
2023-03-23,Estacion_A_Aeroparque,29.332388727816046,23.68145424905412,0.0,51.405032925135814
2023-03-24,Estacion_A_Aeroparque,20.70725509033478,12.625862104646345,0.0,82.16295121582893
2023-03-25,Estacion_A_Aeroparque,8.713404015296998,3.5300270555725444,0.0,42.38294209849925
2023-03-26,Estacion_A_Aeroparque,33.29007371638296,22.931483423445194,0.0,53.14355615120592
2023-03-27,Estacion_A_Aeroparque,0.6060779178164672,-6.825325365995432,0.044130098710003056,73.26068094541574
2023-03-28,Estacion_A_Aeroparque,25.063694012078614,16.13513449410094,0.0,53.25635942662078
2023-03-29,Estacion_A_Aeroparque,18.53682847116128,13.173132428281399,0.44969946737174804,80.62314628722277
2023-03-30,Estacion_A_Aeroparque,30.475783170805705,18.724446593500026,0.0,51.47786505248498
2023-03-31,Estacion_A_Aeroparque,15.627940843929963,4.37001287387487,0.0,52.264243951004964
2023-04-01,Estacion_A_Aeroparque,21.555074412618687,15.243190803935612,3.419218429222009,54.702505607839676
2023-04-02,Estacion_A_Aeroparque,32.923005515755534,23.364972421583815,0.0,55.1651929618299
2023-04-03,Estacion_A_Aeroparque,11.997349403155402,6.765023921218418,0.0,49.83382544212723
2023-04-04,Estacion_A_Aeroparque,15.717374512368618,5.538045667000105,0.6571118298280387,58.64200076543759
2023-04-05,Estacion_A_Aeroparque,7.148983955126557,0.04955017457766431,0.09868058647991072,71.68851051470412
2023-04-06,Estacion_A_Aeroparque,27.80158103825944,16.648728736283566,0.0,67.51641254909768
2023-04-07,Estacion_A_Aeroparque,20.985638454275886,10.780481041039968,0.0,68.27228064060701
2023-04-08,Estacion_A_Aeroparque,28.675836664584565,19.67149616099946,0.0,51.33704859738669
2023-04-09,Estacion_A_Aeroparque,,-3.4160583058061302,3.4429556217301323,73.42557471114173
2023-04-10,Estacion_A_Aeroparque,11.276807380457232,2.121181841997462,0.0,81.16398569619405
2023-04-11,Estacion_A_Aeroparque,30.125662726917604,20.559621186774024,2.358513728205395,47.007377276782485
2023-04-12,Estacion_A_Aeroparque,17.97396071979832,119.7580171122496,0.8489211523478801,41.783110788710076
2023-04-13,Estacion_A_Aeroparque,,8.29581855212323,0.0,52.86442104403205
2023-04-14,Estacion_A_Aeroparque,24.23166349114016,18.15264818889075,0.0,29.41558084491876
2023-04-15,Estacion_A_Aeroparque,-0.24230018197063785,-12.199238904268526,1.9531749676136156,55.70993667179834
2023-04-16,Estacion_A_Aeroparque,24.972575118848408,13.364280462070623,0.0,54.45584495934549
2023-04-17,Estacion_A_Aeroparque,24.444835728027588,18.041514119328767,0.0,61.34371021882873
2023-04-18,Estacion_A_Aeroparque,12.845200698596777,1.1430645653301035,0.0,49.74060747301355
2023-04-19,Estacion_A_Aeroparque,14.598573800204948,7.156830062418592,0.0,57.83221993926723
2023-04-20,Estacion_A_Aeroparque,17.772870633512174,9.437811729105633,0.0,69.50041972265478
2023-04-21,Estacion_A_Aeroparque,23.139327737430136,16.239462074303134,0.0,52.36554561438752
2023-04-22,Estacion_A_Aeroparque,22.1004906320154,14.063768694979693,0.9474388211190321,62.90384867051316
2023-04-23,Estacion_A_Aeroparque,23.263400140114282,14.760592120142874,0.0,58.12536320462601
2023-04-24,Estacion_A_Aeroparque,23.01127620878013,12.841094001853817,0.0,46.46922668463735
2023-04-25,Estacion_A_Aeroparque,18.25571297441424,104.25684743630157,0.0,20.417872496101502
2023-04-26,Estacion_A_Aeroparque,10.087143394768793,5.0776680147605155,0.0,37.9871210137134
2023-04-27,Estacion_A_Aeroparque,24.29672666448915,18.767491380171894,0.0,60.77439565066812
2023-04-28,Estacion_A_Aeroparque,11.287359070817564,-0.4181797765798283,0.0,57.66267788506346
2023-04-29,Estacion_A_Aeroparque,16.566044637610705,4.841655809018306,0.0,68.8282990465608
2023-04-30,Estacion_A_Aeroparque,31.139777303540583,25.000879096880624,0.0,-999.0
2023-05-01,Estacion_A_Aeroparque,9.247084237094505,-1.032770576334654,6.028957573174412,35.95109299776075
2023-05-02,Estacion_A_Aeroparque,7.678018943751386,-1.3826028989347954,0.0,89.75079352277567
2023-05-03,Estacion_A_Aeroparque,-0.8337108530170738,-11.509860920072503,0.8075062481257752,62.98422220194742
2023-05-04,Estacion_A_Aeroparque,29.73898855801304,18.80001090437937,0.0,72.30833128509559
2023-05-05,Estacion_A_Aeroparque,24.547841802196785,19.25088571474854,0.0,61.579639813186304
2023-05-06,Estacion_A_Aeroparque,15.712326836725666,8.29493317101145,0.0,68.10036347425384
2023-05-07,Estacion_A_Aeroparque,26.19305169295492,15.473154698845825,0.0,44.97844385242384
2023-05-08,Estacion_A_Aeroparque,29.695551883091206,18.35294245972238,0.0,63.91875796850784
2023-05-09,Estacion_A_Aeroparque,31.098059288420764,21.672084212957284,0.0,77.1993587484289
2023-05-10,Estacion_A_Aeroparque,19.332496241677113,12.452759949203863,0.0,38.255321704522046
2023-05-11,Estacion_A_Aeroparque,18.280717158799373,91.67616061033559,2.2795679726983553,64.15190173987932
2023-05-12,Estacion_A_Aeroparque,33.99667123364337,24.53285350537182,0.0,80.72181118035729
2023-05-13,Estacion_A_Aeroparque,23.26301425900257,12.502127623710198,1.5716391357000705,66.78797154539227
2023-05-14,Estacion_A_Aeroparque,26.645678803968714,18.652469468045354,0.0,44.74014138303893
2023-05-15,Estacion_A_Aeroparque,24.341635183813793,13.169800900909237,2.311218223272914,44.41710315319679
2023-05-16,Estacion_A_Aeroparque,28.519013914321903,19.997086606461124,0.0,27.896011818330315
2023-05-17,Estacion_A_Aeroparque,10.034260988428924,4.449380625854096,0.0,60.824011664997734
2023-05-18,Estacion_A_Aeroparque,34.967721402974256,25.05269872970145,0.0,65.84421266056356
2023-05-19,Estacion_A_Aeroparque,40.966344728239804,315.67359531937694,0.0,43.320494613387545
2023-05-20,Estacion_A_Aeroparque,19.6574129495074,14.188597665330498,0.9866425748892519,60.87034102212593
2023-05-21,Estacion_A_Aeroparque,30.315174907440195,25.256629134302194,0.0,-999.0
2023-05-22,Estacion_A_Aeroparque,16.45564783097214,5.222781210436841,4.776906727891121,52.80760548901135
2023-05-23,Estacion_A_Aeroparque,12.737950558824636,1.9851339327271216,0.0,82.78925885462652
2023-05-24,Estacion_A_Aeroparque,12.404605386193886,4.378181801370456,0.0,81.52102469496516
2023-05-25,Estacion_A_Aeroparque,29.291190299451248,18.644534928263532,12.088294372086468,47.83114321294211
2023-05-26,Estacion_A_Aeroparque,27.734083700871572,18.625528154959223,0.0,64.95860088938154
2023-05-27,Estacion_A_Aeroparque,19.470853721010663,9.747349605838789,0.0,50.20362507974495
2023-05-28,Estacion_A_Aeroparque,32.4332833657182,21.5661985407977,6.484296423016382,72.80963964828335
2023-05-29,Estacion_A_Aeroparque,23.430325119509796,12.227671072317339,0.0,54.88338146176924
2023-05-30,Estacion_A_Aeroparque,18.585806695073742,11.705871522898244,0.0,36.7707255170438
2023-05-31,Estacion_A_Aeroparque,27.04946674433605,20.96498956633195,0.0,54.29637666104695
2023-06-01,Estacion_A_Aeroparque,33.91081081482665,24.89079778919517,0.0,55.18135850823133
2023-06-02,Estacion_A_Aeroparque,32.50311014806558,26.621095953017623,0.0,55.89010377256044
2023-06-03,Estacion_A_Aeroparque,23.04305158573049,11.253565908314151,0.0,57.13738022034974
2023-06-04,Estacion_A_Aeroparque,30.832153138972185,24.767813167000742,0.0,70.33336398737444
2023-06-05,Estacion_A_Aeroparque,21.130057120699707,11.824153136911308,1.4261039851194754,28.04150280289199
2023-06-06,Estacion_A_Aeroparque,15.717319303870216,5.307919366214662,0.0,65.3768042731443
2023-06-07,Estacion_A_Aeroparque,12.886073374173407,5.914761079433984,0.020675493568156903,74.3295083735663
2023-06-08,Estacion_A_Aeroparque,20.68167559707121,13.955065286433364,0.0,15.13296043648915
2023-06-09,Estacion_A_Aeroparque,15.98179860393691,8.587045257891752,0.0,52.60867183208882
2023-06-10,Estacion_A_Aeroparque,22.11216065066936,125.12947163030609,1.0200478390565761,79.08530250160152
2023-06-11,Estacion_A_Aeroparque,22.062020321142004,14.987517026548986,3.4156481608107057,41.37359136777563
2023-06-12,Estacion_A_Aeroparque,9.702691451326,-0.9373102283515244,0.0,39.04322722330513
2023-06-13,Estacion_A_Aeroparque,19.785345250327524,11.931108515308399,0.0,52.29242074735842
2023-06-14,Estacion_A_Aeroparque,9.026610422156272,3.2854901946643675,0.0,49.3583849635868
2023-06-15,Estacion_A_Aeroparque,21.802112937980397,12.393368356937444,0.0,70.39084132675289
2023-06-16,Estacion_A_Aeroparque,25.383545635960314,181.07067262026834,0.0,33.53106136084429
2023-06-17,Estacion_A_Aeroparque,23.5480137646762,16.989281210814603,0.0,42.72197423119839
2023-06-18,Estacion_A_Aeroparque,17.01070337388664,5.9318367062581,1.0881698765671586,52.390928841092816
2023-06-19,Estacion_A_Aeroparque,18.066002888852424,9.216922949418986,0.0,71.70105446086596
2023-06-20,Estacion_A_Aeroparque,24.867536555793535,18.79023722293712,0.0,70.7147840381048
2023-06-21,Estacion_A_Aeroparque,27.80249966782383,18.090854751445313,1.011650168683739,67.73442132665934
2023-06-22,Estacion_A_Aeroparque,5.311424099979686,-3.6381986168120672,0.4501117022047718,48.23264035136836
2023-06-23,Estacion_A_Aeroparque,16.3751530561543,6.6397668095100695,0.0,73.42085271970706
2023-06-24,Estacion_A_Aeroparque,13.225192270997084,48.75493681560427,0.8068488975484608,78.74428357945
2023-06-25,Estacion_A_Aeroparque,18.617586100828284,12.614615889909796,0.6944492539113958,71.57880232255013
2023-06-26,Estacion_A_Aeroparque,4.239996356649007,-1.7020375130797474,0.0,70.63078010276897
2023-06-27,Estacion_A_Aeroparque,31.345922838060517,23.624838402924688,0.0,36.167722870196684
2023-06-28,Estacion_A_Aeroparque,33.85639433094465,23.95211385618349,4.124923775796897,70.54322697892682
2023-06-29,Estacion_A_Aeroparque,7.6083157995722,-1.8561031933469412,0.08493619689286841,63.869639718317714
2023-06-30,Estacion_A_Aeroparque,17.00655779207853,6.640866578527142,0.8049956858031401,57.66651458217247
2023-07-01,Estacion_A_Aeroparque,3.480340899322119,-4.324588268519148,0.0,49.71002937420868
2023-07-02,Estacion_A_Aeroparque,24.047724427646923,17.585907879184795,0.0,49.0759169639008
2023-07-03,Estacion_A_Aeroparque,29.619821981224064,24.058514683539272,0.0,64.75720477065713
2023-07-04,Estacion_A_Aeroparque,14.600527849675583,6.521538371678739,0.0,53.95386016402454
2023-07-05,Estacion_A_Aeroparque,7.827225258938643,-3.8783957605443184,0.0,86.2010840626252
2023-07-06,Estacion_A_Aeroparque,18.97876254785448,10.396810418051574,0.0,51.59088544729035
2023-07-07,Estacion_A_Aeroparque,6.899160660346626,-0.6078173553573851,2.3060160376435577,61.79400394000656
2023-07-08,Estacion_A_Aeroparque,12.672602181900583,4.920572275442477,0.0,77.01442190832319
2023-07-09,Estacion_A_Aeroparque,15.220613078854175,5.104520658421052,0.0,76.16852609179988
2023-07-10,Estacion_A_Aeroparque,15.345743732863568,5.661210523389501,0.0,42.39180053386541
2023-07-11,Estacion_A_Aeroparque,25.25557689859423,15.98482144434059,0.0,72.42099114558569
2023-07-12,Estacion_A_Aeroparque,,-6.169012790144615,0.43704424893109267,77.91888330770595
2023-07-13,Estacion_A_Aeroparque,35.36294001715409,29.791915537874527,0.0,41.65657470666655
2023-07-14,Estacion_A_Aeroparque,25.195978918873916,19.851432517088583,0.0,54.541209097655454
2023-07-15,Estacion_A_Aeroparque,19.237522231605194,13.322500966476893,0.0,66.25394254897225
2023-07-16,Estacion_A_Aeroparque,7.934497165168571,2.497477874224108,0.0,42.64532287286562
2023-07-17,Estacion_A_Aeroparque,27.918881124687992,16.88895480201937,0.0,50.772184864265895
2023-07-18,Estacion_A_Aeroparque,17.19431644301203,11.01636632345804,1.5921751724957949,75.74991251175852
2023-07-19,Estacion_A_Aeroparque,20.5817970192263,11.162165175722663,0.0,62.809433247348274
2023-07-20,Estacion_A_Aeroparque,18.548407446019866,8.906383703193404,0.0,58.40494496203028
2023-07-21,Estacion_A_Aeroparque,17.03533790079374,10.497893400631755,0.0,39.779293320897494
2023-07-22,Estacion_A_Aeroparque,19.14809693455562,8.531284443396352,0.0,53.19311272253874
2023-07-23,Estacion_A_Aeroparque,11.489683071183746,4.85471154370347,0.0,48.15228841426118
2023-07-24,Estacion_A_Aeroparque,12.870264415664803,7.376514952514107,0.42176002943335594,64.79449013876214
2023-07-25,Estacion_A_Aeroparque,23.904838541754444,17.7318727666229,0.0,46.97904139987154
2023-07-26,Estacion_A_Aeroparque,16.800807502950903,4.932004461211966,0.0,64.03942128871101
2023-07-27,Estacion_A_Aeroparque,12.255633931918037,5.878816550728276,0.0,55.34538441922645
2023-07-28,Estacion_A_Aeroparque,15.166659173473164,9.60259348746757,0.0,39.24806232257451
2023-07-29,Estacion_A_Aeroparque,18.03006302441026,10.42548723966999,0.8274688570439317,68.93553375263272
2023-07-30,Estacion_A_Aeroparque,29.209035247665522,21.66624778593485,5.660175435370109,56.714522784712834
2023-07-31,Estacion_A_Aeroparque,8.00787231633279,-3.7630260162592926,6.299391460341037,58.62232853497567
2023-08-01,Estacion_A_Aeroparque,27.100031739312474,15.272159165519259,0.0,71.41269981467217
2023-08-02,Estacion_A_Aeroparque,10.659726277498432,4.177505243131495,0.0,67.80829586598641
2023-08-03,Estacion_A_Aeroparque,31.6642022045146,19.875470152078105,5.1176340816604515,37.55701268885997
2023-08-04,Estacion_A_Aeroparque,23.54818990769932,16.119173559813923,5.118703735051414,34.46806940192418
2023-08-05,Estacion_A_Aeroparque,16.093809260387644,9.72910135989723,0.0,69.49990239106857
2023-08-06,Estacion_A_Aeroparque,22.24425872444207,12.33819884373491,0.0,75.24140282470451
2023-08-07,Estacion_A_Aeroparque,19.165257656104863,9.942766221408334,0.0,65.89960575007986
2023-08-08,Estacion_A_Aeroparque,12.685749513626865,2.390591897704482,0.0,51.36082782864408
2023-08-09,Estacion_A_Aeroparque,20.638052215193728,9.245444411238834,0.0,47.111502868553686
2023-08-10,Estacion_A_Aeroparque,30.808583139305114,18.97225967810005,0.0,73.29286782877193
2023-08-11,Estacion_A_Aeroparque,33.47478812899985,255.39445366064828,1.0577468312433034,75.00032572639233
2023-08-12,Estacion_A_Aeroparque,15.881738600682064,4.841021237490935,0.0,63.65295306279517
2023-08-13,Estacion_A_Aeroparque,18.777511063461123,12.185139837606343,0.0,82.62371104777503
2023-08-14,Estacion_A_Aeroparque,,9.976075796944071,0.0,-999.0
2023-08-15,Estacion_A_Aeroparque,6.825089133657231,-0.12796889877734507,0.0,69.06888517053757
2023-08-16,Estacion_A_Aeroparque,17.436299601922848,10.632875610578143,0.0,60.37145307143704
2023-08-17,Estacion_A_Aeroparque,7.432948342992702,-2.972115850318165,0.0,80.33359403565522
2023-08-18,Estacion_A_Aeroparque,20.575047485751,9.531026441225308,0.0,67.0715979974226
2023-08-19,Estacion_A_Aeroparque,27.516635298841432,22.155033799038947,0.0,46.49918651003626
2023-08-20,Estacion_A_Aeroparque,16.338934005299077,7.165935458449798,0.4739015948389249,62.785328706281085
2023-08-21,Estacion_A_Aeroparque,15.317865592883681,7.581443604995545,6.187411696775183,41.39468621773542
2023-08-22,Estacion_A_Aeroparque,13.899846086827214,3.218456985713239,0.0,75.5445433810872
2023-08-23,Estacion_A_Aeroparque,19.621034379644513,12.449387393431579,0.0,36.26734854980809
2023-08-24,Estacion_A_Aeroparque,20.773408969121856,15.203278478883743,0.0,55.14101248571673
2023-08-25,Estacion_A_Aeroparque,16.750060409043776,9.054654019011044,1.8851465218053558,50.74753684316593
2023-08-26,Estacion_A_Aeroparque,12.965737740704096,3.414427575584522,4.856717754263669,65.22892679791471
2023-08-27,Estacion_A_Aeroparque,30.957608861233478,21.32198375292633,0.6243409060704408,43.70918126822871
2023-08-28,Estacion_A_Aeroparque,24.41508777457723,19.073723542885247,1.1526637180838029,70.20345312626444
2023-08-29,Estacion_A_Aeroparque,29.508774584696063,19.3169856817533,0.0,87.74043212079572
2023-08-30,Estacion_A_Aeroparque,27.188942716789175,19.98980826993037,0.06798981365697349,39.47455361918966
2023-08-31,Estacion_A_Aeroparque,2.642580658194383,-9.246045589571217,0.0,42.08715898361566
2023-09-01,Estacion_A_Aeroparque,18.576656993564814,8.00760835976171,0.0,46.3078362105523
2023-09-02,Estacion_A_Aeroparque,28.723877799261118,16.86418966775317,2.321051631273393,77.99813225671025
2023-09-03,Estacion_A_Aeroparque,12.328190051724418,2.2924729627006766,0.0,73.09377520999931
2023-09-04,Estacion_A_Aeroparque,20.047505355321196,9.481733377634123,0.0,72.88032767198439
2023-09-05,Estacion_A_Aeroparque,21.675760669182182,10.174416720743736,0.0,45.23198924277048
2023-09-06,Estacion_A_Aeroparque,33.83908318946756,24.42895242513577,0.0,-999.0
2023-09-07,Estacion_A_Aeroparque,18.08326140277033,10.124455065168348,1.1692805669938868,60.13145227328051
2023-09-08,Estacion_A_Aeroparque,19.943011102333305,11.541811859006012,0.0,62.67261127154152
2023-09-09,Estacion_A_Aeroparque,21.968668922531272,13.840549556128199,0.4981294441072529,47.96579959290685
2023-09-10,Estacion_A_Aeroparque,25.542152254790885,16.240656033004537,0.16378003294096558,76.58749599442069
2023-09-11,Estacion_A_Aeroparque,24.08125975132147,18.76723584792745,0.0,79.08855244392853
2023-09-12,Estacion_A_Aeroparque,39.10697594296351,29.590925359857184,0.0,77.7638496779426
2023-09-13,Estacion_A_Aeroparque,23.253819755688912,17.047115220952747,1.89926198084261,45.57172706691076
2023-09-14,Estacion_A_Aeroparque,18.11266776550301,6.989305327625054,0.0,53.89672133243438
2023-09-15,Estacion_A_Aeroparque,30.88540828886164,19.332266998004663,0.0,60.398300306992034
2023-09-16,Estacion_A_Aeroparque,17.875163517711158,6.230195315419273,0.0,54.00182641997443
2023-09-17,Estacion_A_Aeroparque,19.544476330201658,9.11342087378215,0.0,54.954924695482305
2023-09-18,Estacion_A_Aeroparque,27.38806892837895,17.775756282354948,0.6158982369005174,44.24065017258298
2023-09-19,Estacion_A_Aeroparque,29.330964365354017,21.066342203822177,0.0,67.96463492946135
2023-09-20,Estacion_A_Aeroparque,19.393028394519813,11.541173225037015,0.11510219389598123,34.729986341604196
2023-09-21,Estacion_A_Aeroparque,27.950257716243513,17.471037996483805,2.3548393805257937,80.60871577817174
2023-09-22,Estacion_A_Aeroparque,25.367289986215,19.293399809491383,0.0,69.05685780416842
2023-09-23,Estacion_A_Aeroparque,30.80891271989372,19.741162320074295,5.046278294389422,79.3911793427731
2023-09-24,Estacion_A_Aeroparque,18.529045601467036,6.705725032113669,1.3898038620271855,62.82349909051701
2023-09-25,Estacion_A_Aeroparque,12.662756069031612,3.6810669139945027,1.1316770469199746,70.04712147014007
2023-09-26,Estacion_A_Aeroparque,8.223703415785668,-0.4579226225245492,0.8981078282052648,39.3924776265201
2023-09-27,Estacion_A_Aeroparque,14.741019568042205,9.47805596123434,1.5447906191809193,59.26552453712325
2023-09-28,Estacion_A_Aeroparque,20.070269239185183,14.807568636462562,0.0,56.434750245585235
2023-09-29,Estacion_A_Aeroparque,,12.682431450434715,0.0,57.16934807261121
2023-09-30,Estacion_A_Aeroparque,3.4041091918695088,-4.680112606544714,2.305349829424969,59.66947703993594
2023-10-01,Estacion_A_Aeroparque,10.568612069613398,-1.0643438146549045,0.6247343846430244,56.7049582147356
2023-10-02,Estacion_A_Aeroparque,14.116408636863653,5.254592862218422,11.52025127942419,59.60092342444528
2023-10-03,Estacion_A_Aeroparque,23.2018868442142,14.581963600139733,0.0,63.02479357693882
2023-10-04,Estacion_A_Aeroparque,17.398698140627,12.217825335086923,0.0,45.943244321419
2023-10-05,Estacion_A_Aeroparque,16.44264745840876,9.960060409238242,0.41382029885646937,51.6287047479499
2023-10-06,Estacion_A_Aeroparque,13.045704104090849,4.13174750885007,0.0,59.83699294447542
2023-10-07,Estacion_A_Aeroparque,9.58729613757335,0.6525199592107427,0.0,32.20472275653646
2023-10-08,Estacion_A_Aeroparque,18.175775761720967,11.064140070302924,0.0,81.58239569181333
2023-10-09,Estacion_A_Aeroparque,22.88314716014464,16.148460059796292,0.0,67.56431780076409
2023-10-10,Estacion_A_Aeroparque,23.18851252713606,14.515806380336702,0.0,46.958508779447044
2023-10-11,Estacion_A_Aeroparque,13.45854082715893,7.513691424657436,0.0,42.99254464790469
2023-10-12,Estacion_A_Aeroparque,22.887888660296653,14.194831303319202,0.0,35.83245805238671
2023-10-13,Estacion_A_Aeroparque,32.58987373244085,24.937182363753298,0.0,66.85032016095599
2023-10-14,Estacion_A_Aeroparque,35.25838269141243,29.630817072762675,0.0,38.458627311974155
2023-10-15,Estacion_A_Aeroparque,,16.67455434468261,0.0,33.79656462981667
2023-10-16,Estacion_A_Aeroparque,17.36408559825611,5.439125982511417,0.0,85.12289509371098
2023-10-17,Estacion_A_Aeroparque,20.495066823097083,15.095373273980849,0.0,46.08670003782408
2023-10-18,Estacion_A_Aeroparque,24.869884712995336,18.48918604982622,0.0,51.64304141141653
2023-10-19,Estacion_A_Aeroparque,20.82286862345867,15.687059904131164,0.0,62.240128665898204
2023-10-20,Estacion_A_Aeroparque,18.35772784402999,12.007850581434273,0.0,76.77824916382988
2023-10-21,Estacion_A_Aeroparque,8.346548469407345,1.9495471581357737,0.0,53.676089061635956
2023-10-22,Estacion_A_Aeroparque,22.559721529161305,13.250853166809051,0.0,38.89584899230246
2023-10-23,Estacion_A_Aeroparque,20.687659104137722,10.344594720156751,0.0,51.19268761453194
2023-10-24,Estacion_A_Aeroparque,14.308302447330362,3.410420937074093,0.0,54.23314681534362
2023-10-25,Estacion_A_Aeroparque,18.18315193775259,6.6835976741461405,0.0,57.873636689586924
2023-10-26,Estacion_A_Aeroparque,18.565991797144704,11.071158646197052,1.6000868372043644,58.34991751948423
2023-10-27,Estacion_A_Aeroparque,16.064344761044136,6.542016152367964,0.0,79.92085333480452
2023-10-28,Estacion_A_Aeroparque,16.570601624949553,8.087639041228472,0.0,61.39395351170981
2023-10-29,Estacion_A_Aeroparque,29.489163792338392,22.320233975065435,0.0,83.1048596972983
2023-10-30,Estacion_A_Aeroparque,23.350079681019974,15.493796449800257,0.0,63.30875306606041
2023-10-31,Estacion_A_Aeroparque,12.480257366799467,4.0751606568063465,4.03263623804999,67.14976561200837
2023-11-01,Estacion_A_Aeroparque,26.08404895667314,15.974825132747956,0.0,33.85578704270002
2023-11-02,Estacion_A_Aeroparque,25.551385865530065,18.95468322021337,1.7957633599380072,70.74884009639477
2023-11-03,Estacion_A_Aeroparque,15.486430561116109,7.804279281202228,1.218777185000447,37.589433100653736
2023-11-04,Estacion_A_Aeroparque,19.796046971318404,14.47356278359013,0.0,56.74261789294715
2023-11-05,Estacion_A_Aeroparque,23.60396579022428,16.359326507069255,0.0,56.07362564668358
2023-11-06,Estacion_A_Aeroparque,19.551555472478423,8.426494574270631,0.0,54.26109925668933
2023-11-07,Estacion_A_Aeroparque,1.8440170840207237,-7.631687866157961,0.0,56.8602507506775
2023-11-08,Estacion_A_Aeroparque,21.64060271387704,13.26410925379777,0.140866885693063,35.64926205088135
2023-11-09,Estacion_A_Aeroparque,17.363969594910994,9.068474615822044,5.648269332823984,34.52145434065601
2023-11-10,Estacion_A_Aeroparque,28.825740576429265,23.129266993164798,0.0,81.62913602928901
2023-11-11,Estacion_A_Aeroparque,21.284715465374077,14.337195155892323,0.0,80.43198605527618
2023-11-12,Estacion_A_Aeroparque,5.049575533740235,-1.2230837259284133,0.0,66.23212727259373
2023-11-13,Estacion_A_Aeroparque,14.742920301775536,7.785710273259613,0.0,49.534216441526326
2023-11-14,Estacion_A_Aeroparque,8.872846949929832,2.0731743241640492,0.0,52.76487637180895
2023-11-15,Estacion_A_Aeroparque,12.850031847330285,4.773774226821191,0.0,54.18052546638822
2023-11-16,Estacion_A_Aeroparque,5.980983238872026,-32.65842023513174,3.627124865745492,47.08906254906992
2023-11-17,Estacion_A_Aeroparque,9.43297315698146,3.8404318818890566,0.0,71.5710269235565
2023-11-18,Estacion_A_Aeroparque,22.055659505471557,14.193168855174854,0.0,61.763725209928296
2023-11-19,Estacion_A_Aeroparque,10.68160482104702,0.45740813306348294,0.0,62.10021730313423
2023-11-20,Estacion_A_Aeroparque,,18.479244779101315,0.4699432407532499,64.59584223110122
2023-11-21,Estacion_A_Aeroparque,4.739105544345604,-5.4718292323476785,1.1526266364882531,51.77401291337505
2023-11-22,Estacion_A_Aeroparque,4.275552868187958,-3.7925373880442024,0.0,51.193270940697786
2023-11-23,Estacion_A_Aeroparque,30.366616574181535,21.864108051490803,0.0,68.49637541981649
2023-11-24,Estacion_A_Aeroparque,17.07775313436892,11.422150966116597,2.75050821989016,95.81951558287099
2023-11-25,Estacion_A_Aeroparque,29.770359565481186,24.536373833828634,0.0,62.00937570870353
2023-11-26,Estacion_A_Aeroparque,25.64984779813656,19.189284406027543,0.0,63.41986745563592
2023-11-27,Estacion_A_Aeroparque,24.41571407465462,13.17297259480833,0.0,54.83852957606501
2023-11-28,Estacion_A_Aeroparque,,11.600179377901748,0.0,-999.0
2023-11-29,Estacion_A_Aeroparque,14.260862690724547,85.11923862502184,3.8561024430178517,54.8312019639805
2023-11-30,Estacion_A_Aeroparque,12.928009146028476,6.524725811663963,0.0,61.987457152434686
2023-12-01,Estacion_A_Aeroparque,27.851071938200267,20.78080209585796,0.0,70.04124286780328
2023-12-02,Estacion_A_Aeroparque,,28.729486874961125,0.0,68.73817581754766
2023-12-03,Estacion_A_Aeroparque,6.399841857518307,-4.794645370396459,0.0,58.99541460416218
2023-12-04,Estacion_A_Aeroparque,15.160745888574603,4.408135673795201,1.816263167404326,67.46682464126665
2023-12-05,Estacion_A_Aeroparque,15.196914457031154,3.940495142697541,0.0,62.09480534348026
2023-12-06,Estacion_A_Aeroparque,26.48462336264004,16.520358436079206,0.0,73.51061578562994
2023-12-07,Estacion_A_Aeroparque,27.670530451741378,22.000251061097874,1.6808466982251624,76.91529441774644
2023-12-08,Estacion_A_Aeroparque,16.896993745100243,10.286402302097917,0.0,79.59108305807443
2023-12-09,Estacion_A_Aeroparque,12.5928807688708,2.640221036024501,0.0,58.29499966377847
2023-12-10,Estacion_A_Aeroparque,15.202690765128008,6.208038712262484,0.0,30.539517630436354
2023-12-11,Estacion_A_Aeroparque,18.626610768601733,9.525569414906283,1.5198750894735444,76.47727314077727
2023-12-12,Estacion_A_Aeroparque,7.278865354557617,-2.8388555264673183,0.0,50.03023353746906
2023-12-13,Estacion_A_Aeroparque,18.781616172046824,7.034892543729562,0.0,50.389745449383405
2023-12-14,Estacion_A_Aeroparque,13.48481450042941,5.6687517538951795,6.58207642691167,82.51264545420568
2023-12-15,Estacion_A_Aeroparque,13.871638380796801,7.1846645748253755,1.468606057541267,53.08099424252539
2023-12-16,Estacion_A_Aeroparque,13.202232628178429,6.98415949206556,0.03192966684168015,52.75524110890739
2023-12-17,Estacion_A_Aeroparque,31.25790509414211,22.12492237238687,0.0,56.57860152004449
2023-12-18,Estacion_A_Aeroparque,9.850464185254616,-1.168517247091236,0.0,86.79895535890044
2023-12-19,Estacion_A_Aeroparque,,7.936477238249797,1.1641933794155133,72.1056962491003
2023-12-20,Estacion_A_Aeroparque,,13.90308561302094,0.0,19.881493077687885
2023-12-21,Estacion_A_Aeroparque,25.482320677687742,14.860791181323528,0.0,81.03013988878683
2023-12-22,Estacion_A_Aeroparque,21.270048407500344,14.888850613467923,0.0,77.3401000417669
2023-12-23,Estacion_A_Aeroparque,24.11238512549174,16.395453558475996,0.0,83.25945889886502
2023-12-24,Estacion_A_Aeroparque,25.78678575091204,17.6373962833135,6.285481524658795,84.68072749060701
2023-12-25,Estacion_A_Aeroparque,32.11771689995523,26.068677307749365,0.0,-999.0
2023-12-26,Estacion_A_Aeroparque,10.062567442172051,0.23880387176428286,0.0,55.12674567012392
2023-12-27,Estacion_A_Aeroparque,,8.110005812900173,0.0,36.16967804433615
2023-12-28,Estacion_A_Aeroparque,19.23621884571121,7.6661711686089795,0.0,43.327419289483146
2023-12-29,Estacion_A_Aeroparque,10.961201142251522,-0.7302304574827883,1.2224584088235544,47.64244695538269
2023-12-30,Estacion_A_Aeroparque,28.387199102508326,19.286234245476148,0.0,58.78399341846874
2023-12-31,Estacion_A_Aeroparque,16.948763756228686,5.66683040568147,0.0,65.69924336509199
